Id,firstName,lastName,salary,managerId
123,Joe,Doe,60000,
124,Martin,checkov,45000,123
125,Bob,Ronstad,47000,123
126,Bob,Doe,48000,123
127,Boby,checkov,49000,123
128,Robert,Martin,50000,123
129,Anderson,jack,51000,123
130,John,son,52000,123
131,Michell,marsh,53000,123
132,Shoun,marsh,54000,123
133,Virat,sharma,55000,123
134,Alice,Hasacat,50000,124
135,Brett,Hardleaf,34000,125
136,MidManager3,Last3,85000,126
137,MidManager4,Last4,85000,127
138,MidManager5,Last5,85000,128
139,MidManager6,Last6,85000,129
140,MidManager7,Last7,85000,130
141,MidManager8,Last8,85000,131
142,MidManager9,Last9,85000,132
143,MidManager10,Last10,85000,133
144,MidManager11,Last11,85000,124
145,MidManager12,Last12,85000,125
146,MidManager13,Last13,85000,126
147,MidManager14,Last14,85000,127
148,MidManager15,Last15,85000,128
149,MidManager16,Last16,85000,129
150,MidManager17,Last17,85000,130
151,MidManager18,Last18,85000,131
152,MidManager19,Last19,85000,132
153,MidManager20,Last20,85000,133
154,MidManager21,Last21,85000,124
155,MidManager22,Last22,85000,125
156,MidManager23,Last23,85000,126
157,MidManager24,Last24,85000,127
158,MidManager25,Last25,85000,128
159,MidManager26,Last26,85000,129
160,MidManager27,Last27,85000,130
161,MidManager28,Last28,85000,131
162,MidManager29,Last29,85000,132
163,MidManager30,Last30,85000,133
164,JuniorManager1,Last1,70000,134
165,JuniorManager2,Last2,70000,135
166,JuniorManager3,Last3,70000,164
167,JuniorManager4,Last4,70000,137
168,JuniorManager5,Last5,70000,138
169,JuniorManager6,Last6,70000,139
170,JuniorManager7,Last7,70000,140
171,JuniorManager8,Last8,70000,141
172,JuniorManager9,Last9,70000,142
173,JuniorManager10,Last10,70000,143
174,JuniorManager11,Last11,70000,144
175,JuniorManager12,Last12,70000,145
176,JuniorManager13,Last13,70000,146
177,JuniorManager14,Last14,70000,147
178,JuniorManager15,Last15,70000,148
179,JuniorManager16,Last16,70000,149
180,JuniorManager17,Last17,70000,150
181,JuniorManager18,Last18,70000,151
182,JuniorManager19,Last19,70000,152
183,JuniorManager20,Last20,70000,153
184,JuniorManager21,Last21,70000,154
185,JuniorManager22,Last22,70000,155
186,JuniorManager23,Last23,70000,156
187,JuniorManager24,Last24,70000,157
188,JuniorManager25,Last25,70000,158
189,JuniorManager26,Last26,70000,159
190,JuniorManager27,Last27,70000,160
191,JuniorManager28,Last28,70000,166
192,JuniorManager29,Last29,70000,162
193,JuniorManager30,Last30,70000,163
194,JuniorManager31,Last31,70000,134
195,JuniorManager32,Last32,70000,191
196,JuniorManager33,Last33,70000,136
197,JuniorManager34,Last34,70000,137
198,JuniorManager35,Last35,70000,195
199,JuniorManager36,Last36,70000,139
200,JuniorManager37,Last37,70000,197
201,JuniorManager38,Last38,70000,141
202,JuniorManager39,Last39,70000,142
203,JuniorManager40,Last40,70000,143
204,JuniorManager41,Last41,70000,144
205,JuniorManager42,Last42,70000,145
206,JuniorManager43,Last43,70000,146
207,JuniorManager44,Last44,70000,147
208,JuniorManager45,Last45,70000,148
209,JuniorManager46,Last46,70000,149
210,JuniorManager47,Last47,70000,150
211,JuniorManager48,Last48,70000,151
212,JuniorManager49,Last49,70000,152
213,JuniorManager50,Last50,70000,153
214,JuniorManager51,Last51,70000,154
215,JuniorManager52,Last52,70000,155
216,JuniorManager53,Last53,70000,156
217,JuniorManager54,Last54,70000,157
218,JuniorManager55,Last55,70000,158
219,JuniorManager56,Last56,70000,159
220,JuniorManager57,Last57,70000,160
221,JuniorManager58,Last58,70000,161
222,JuniorManager59,Last59,70000,162
223,JuniorManager60,Last60,70000,163
224,Employee1,Last1,40000,164
225,Employee2,Last2,42000,165
226,Employee3,Last3,44000,166
227,Employee4,Last4,46000,167
228,Employee5,Last5,48000,168
229,Employee6,Last6,40000,169
230,Employee7,Last7,42000,170
231,Employee8,Last8,44000,171
232,Employee9,Last9,46000,172
233,Employee10,Last10,48000,173
234,Employee11,Last11,40000,174
235,Employee12,Last12,42000,175
236,Employee13,Last13,44000,176
237,Employee14,Last14,46000,177
238,Employee15,Last15,48000,178
239,Employee16,Last16,40000,179
240,Employee17,Last17,42000,180
241,Employee18,Last18,44000,181
242,Employee19,Last19,46000,182
243,Employee20,Last20,48000,183
244,Employee21,Last21,40000,184
245,Employee22,Last22,42000,185
246,Employee23,Last23,44000,186
247,Employee24,Last24,46000,187
248,Employee25,Last25,48000,188
249,Employee26,Last26,40000,189
250,Employee27,Last27,42000,190
251,Employee28,Last28,44000,191
252,Employee29,Last29,46000,192
253,Employee30,Last30,48000,193
254,Employee31,Last31,40000,194
255,Employee32,Last32,42000,195
256,Employee33,Last33,44000,196
257,Employee34,Last34,46000,197
258,Employee35,Last35,48000,198
259,Employee36,Last36,40000,199
260,Employee37,Last37,42000,200
261,Employee38,Last38,44000,201
262,Employee39,Last39,46000,202
263,Employee40,Last40,48000,203
264,Employee41,Last41,40000,204
265,Employee42,Last42,42000,205
266,Employee43,Last43,44000,206
267,Employee44,Last44,46000,207
268,Employee45,Last45,48000,208
269,Employee46,Last46,40000,209
270,Employee47,Last47,42000,210
271,Employee48,Last48,44000,211
272,Employee49,Last49,46000,212
273,Employee50,Last50,48000,213
274,Employee51,Last51,40000,214
275,Employee52,Last52,42000,215
276,Employee53,Last53,44000,216
277,Employee54,Last54,46000,217
278,Employee55,Last55,48000,218
279,Employee56,Last56,40000,219
280,Employee57,Last57,42000,220
281,Employee58,Last58,44000,221
282,Employee59,Last59,46000,222
283,Employee60,Last60,48000,223
284,Employee61,Last61,40000,164
285,Employee62,Last62,42000,165
286,Employee63,Last63,44000,166
287,Employee64,Last64,46000,167
288,Employee65,Last65,48000,168
289,Employee66,Last66,40000,169
290,Employee67,Last67,42000,170
291,Employee68,Last68,44000,171
292,Employee69,Last69,46000,172
293,Employee70,Last70,48000,173
294,Employee71,Last71,40000,174
295,Employee72,Last72,42000,175
296,Employee73,Last73,44000,176
297,Employee74,Last74,46000,177
298,Employee75,Last75,48000,178
299,Employee76,Last76,40000,179
300,Employee77,Last77,42000,180
301,Employee78,Last78,44000,181
302,Employee79,Last79,46000,182
303,Employee80,Last80,48000,183
304,Employee81,Last81,40000,184
305,Employee82,Last82,42000,185
306,Employee83,Last83,44000,186
307,Employee84,Last84,46000,187
308,Employee85,Last85,48000,188
309,Employee86,Last86,40000,189
310,Employee87,Last87,42000,190
311,Employee88,Last88,44000,191
312,Employee89,Last89,46000,192
313,Employee90,Last90,48000,193
314,Employee91,Last91,40000,194
315,Employee92,Last92,42000,195
316,Employee93,Last93,44000,196
317,Employee94,Last94,46000,197
318,Employee95,Last95,48000,198
319,Employee96,Last96,40000,199
320,Employee97,Last97,42000,200
321,Employee98,Last98,44000,201
322,Employee99,Last99,46000,202
323,Employee100,Last100,48000,203
324,Employee101,Last101,40000,204
325,Employee102,Last102,42000,205
326,Employee103,Last103,44000,206
327,Employee104,Last104,46000,207
328,Employee105,Last105,48000,208
329,Employee106,Last106,40000,209
330,Employee107,Last107,42000,210
331,Employee108,Last108,44000,211
332,Employee109,Last109,46000,212
333,Employee110,Last110,48000,213
334,Employee111,Last111,40000,214
335,Employee112,Last112,42000,215
336,Employee113,Last113,44000,216
337,Employee114,Last114,46000,217
338,Employee115,Last115,48000,218
339,Employee116,Last116,40000,219
340,Employee117,Last117,42000,220
341,Employee118,Last118,44000,221
342,Employee119,Last119,46000,222
343,Employee120,Last120,48000,223
344,Employee121,Last121,40000,164
345,Employee122,Last122,42000,165
346,Employee123,Last123,44000,166
347,Employee124,Last124,46000,167
348,Employee125,Last125,48000,168
349,Employee126,Last126,40000,169
350,Employee127,Last127,42000,170
351,Employee128,Last128,44000,171
352,Employee129,Last129,46000,172
353,Employee130,Last130,48000,173
354,Employee131,Last131,40000,174
355,Employee132,Last132,42000,175
356,Employee133,Last133,44000,176
357,Employee134,Last134,46000,177
358,Employee135,Last135,48000,178
359,Employee136,Last136,40000,179
360,Employee137,Last137,42000,180
361,Employee138,Last138,44000,181
362,Employee139,Last139,46000,182
363,Employee140,Last140,48000,183
364,Employee141,Last141,40000,184
365,Employee142,Last142,42000,185
366,Employee143,Last143,44000,186
367,Employee144,Last144,46000,187
368,Employee145,Last145,48000,188
369,Employee146,Last146,40000,189
370,Employee147,Last147,42000,190
371,Employee148,Last148,44000,191
372,Employee149,Last149,46000,192
373,Employee150,Last150,48000,193
374,Employee151,Last151,40000,194
375,Employee152,Last152,42000,195
376,Employee153,Last153,44000,196
377,Employee154,Last154,46000,197
378,Employee155,Last155,48000,198
379,Employee156,Last156,40000,199
380,Employee157,Last157,42000,200
381,Employee158,Last158,44000,201
382,Employee159,Last159,46000,202
383,Employee160,Last160,48000,203
384,Employee161,Last161,40000,204
385,Employee162,Last162,42000,205
386,Employee163,Last163,44000,206
387,Employee164,Last164,46000,207
388,Employee165,Last165,48000,208
389,Employee166,Last166,40000,209
390,Employee167,Last167,42000,210
391,Employee168,Last168,44000,211
392,Employee169,Last169,46000,212
393,Employee170,Last170,48000,213
394,Employee171,Last171,40000,214
395,Employee172,Last172,42000,215
396,Employee173,Last173,44000,216
397,Employee174,Last174,46000,217
398,Employee175,Last175,48000,218
399,Employee176,Last176,40000,219
400,Employee177,Last177,42000,220
401,Employee178,Last178,44000,221
402,Employee179,Last179,46000,222
403,Employee180,Last180,48000,223
404,Employee181,Last181,40000,164
405,Employee182,Last182,42000,165
406,Employee183,Last183,44000,166
407,Employee184,Last184,46000,167
408,Employee185,Last185,48000,168
409,Employee186,Last186,40000,169
410,Employee187,Last187,42000,170
411,Employee188,Last188,44000,171
412,Employee189,Last189,46000,172
413,Employee190,Last190,48000,173
414,Employee191,Last191,40000,174
415,Employee192,Last192,42000,175
416,Employee193,Last193,44000,176
417,Employee194,Last194,46000,177
418,Employee195,Last195,48000,178
419,Employee196,Last196,40000,179
420,Employee197,Last197,42000,180
421,Employee198,Last198,44000,181
422,Employee199,Last199,46000,182
423,Employee200,Last200,48000,183
424,Employee201,Last201,40000,184
425,Employee202,Last202,42000,185
426,Employee203,Last203,44000,186
427,Employee204,Last204,46000,187
428,Employee205,Last205,48000,188
429,Employee206,Last206,40000,189
430,Employee207,Last207,42000,190
431,Employee208,Last208,44000,191
432,Employee209,Last209,46000,192
433,Employee210,Last210,48000,193
434,Employee211,Last211,40000,194
435,Employee212,Last212,42000,195
436,Employee213,Last213,44000,196
437,Employee214,Last214,46000,197
438,Employee215,Last215,48000,198
439,Employee216,Last216,40000,199
440,Employee217,Last217,42000,200
441,Employee218,Last218,44000,201
442,Employee219,Last219,46000,202
443,Employee220,Last220,48000,203
444,Employee221,Last221,40000,204
445,Employee222,Last222,42000,205
446,Employee223,Last223,44000,206
447,Employee224,Last224,46000,207
448,Employee225,Last225,48000,208
449,Employee226,Last226,40000,209
450,Employee227,Last227,42000,210
451,Employee228,Last228,44000,211
452,Employee229,Last229,46000,212
453,Employee230,Last230,48000,213
454,Employee231,Last231,40000,214
455,Employee232,Last232,42000,215
456,Employee233,Last233,44000,216
457,Employee234,Last234,46000,217
458,Employee235,Last235,48000,218
459,Employee236,Last236,40000,219
460,Employee237,Last237,42000,220
461,Employee238,Last238,44000,221
462,Employee239,Last239,46000,222
463,Employee240,Last240,48000,223
464,Employee241,Last241,40000,164
465,Employee242,Last242,42000,165
466,Employee243,Last243,44000,166
467,Employee244,Last244,46000,167
468,Employee245,Last245,48000,168
469,Employee246,Last246,40000,169
470,Employee247,Last247,42000,170
471,Employee248,Last248,44000,171
472,Employee249,Last249,46000,172
473,Employee250,Last250,48000,173
474,Employee251,Last251,40000,174
475,Employee252,Last252,42000,175
476,Employee253,Last253,44000,176
477,Employee254,Last254,46000,177
478,Employee255,Last255,48000,178
479,Employee256,Last256,40000,179
480,Employee257,Last257,42000,180
481,Employee258,Last258,44000,181
482,Employee259,Last259,46000,182
483,Employee260,Last260,48000,183
484,Employee261,Last261,40000,184
485,Employee262,Last262,42000,185
486,Employee263,Last263,44000,186
487,Employee264,Last264,46000,187
488,Employee265,Last265,48000,188
489,Employee266,Last266,40000,189
490,Employee267,Last267,42000,190
491,Employee268,Last268,44000,191
492,Employee269,Last269,46000,192
493,Employee270,Last270,48000,193
494,Employee271,Last271,40000,194
495,Employee272,Last272,42000,195
496,Employee273,Last273,44000,196
497,Employee274,Last274,46000,197
498,Employee275,Last275,48000,198
499,Employee276,Last276,40000,199
500,Employee277,Last277,42000,200
501,Employee278,Last278,44000,201
502,Employee279,Last279,46000,202
503,Employee280,Last280,48000,203
504,Employee281,Last281,40000,204
505,Employee282,Last282,42000,205
506,Employee283,Last283,44000,206
507,Employee284,Last284,46000,207
508,Employee285,Last285,48000,208
509,Employee286,Last286,40000,209
510,Employee287,Last287,42000,210
511,Employee288,Last288,44000,211
512,Employee289,Last289,46000,212
513,Employee290,Last290,48000,213
514,Employee291,Last291,40000,214
515,Employee292,Last292,42000,215
516,Employee293,Last293,44000,216
517,Employee294,Last294,46000,217
518,Employee295,Last295,48000,218
519,Employee296,Last296,40000,219
520,Employee297,Last297,42000,220
521,Employee298,Last298,44000,221
522,Employee299,Last299,46000,222
523,Employee300,Last300,48000,223
524,Employee301,Last301,40000,164
525,Employee302,Last302,42000,165
526,Employee303,Last303,44000,166
527,Employee304,Last304,46000,167
528,Employee305,Last305,48000,168
529,Employee306,Last306,40000,169
530,Employee307,Last307,42000,170
531,Employee308,Last308,44000,171
532,Employee309,Last309,46000,172
533,Employee310,Last310,48000,173
534,Employee311,Last311,40000,174
535,Employee312,Last312,42000,175
536,Employee313,Last313,44000,176
537,Employee314,Last314,46000,177
538,Employee315,Last315,48000,178
539,Employee316,Last316,40000,179
540,Employee317,Last317,42000,180
541,Employee318,Last318,44000,181
542,Employee319,Last319,46000,182
543,Employee320,Last320,48000,183
544,Employee321,Last321,40000,184
545,Employee322,Last322,42000,185
546,Employee323,Last323,44000,186
547,Employee324,Last324,46000,187
548,Employee325,Last325,48000,188
549,Employee326,Last326,40000,189
550,Employee327,Last327,42000,190
551,Employee328,Last328,44000,191
552,Employee329,Last329,46000,192
553,Employee330,Last330,48000,193
554,Employee331,Last331,40000,194
555,Employee332,Last332,42000,195
556,Employee333,Last333,44000,196
557,Employee334,Last334,46000,197
558,Employee335,Last335,48000,198
559,Employee336,Last336,40000,199
560,Employee337,Last337,42000,200
561,Employee338,Last338,44000,201
562,Employee339,Last339,46000,202
563,Employee340,Last340,48000,203
564,Employee341,Last341,40000,204
565,Employee342,Last342,42000,205
566,Employee343,Last343,44000,206
567,Employee344,Last344,46000,207
568,Employee345,Last345,48000,208
569,Employee346,Last346,40000,209
570,Employee347,Last347,42000,210
571,Employee348,Last348,44000,211
572,Employee349,Last349,46000,212
573,Employee350,Last350,48000,213
574,Employee351,Last351,40000,214
575,Employee352,Last352,42000,215
576,Employee353,Last353,44000,216
577,Employee354,Last354,46000,217
578,Employee355,Last355,48000,218
579,Employee356,Last356,40000,219
580,Employee357,Last357,42000,220
581,Employee358,Last358,44000,221
582,Employee359,Last359,46000,222
583,Employee360,Last360,48000,223
584,Employee361,Last361,40000,164
585,Employee362,Last362,42000,165
586,Employee363,Last363,44000,166
587,Employee364,Last364,46000,167
588,Employee365,Last365,48000,168
589,Employee366,Last366,40000,169
590,Employee367,Last367,42000,170
591,Employee368,Last368,44000,171
592,Employee369,Last369,46000,172
593,Employee370,Last370,48000,173
594,Employee371,Last371,40000,174
595,Employee372,Last372,42000,175
596,Employee373,Last373,44000,176
597,Employee374,Last374,46000,177
598,Employee375,Last375,48000,178
599,Employee376,Last376,40000,179
600,Employee377,Last377,42000,180
601,Employee378,Last378,44000,181
602,Employee379,Last379,46000,182
603,Employee380,Last380,48000,183
604,Employee381,Last381,40000,184
605,Employee382,Last382,42000,185
606,Employee383,Last383,44000,186
607,Employee384,Last384,46000,187
608,Employee385,Last385,48000,188
609,Employee386,Last386,40000,189
610,Employee387,Last387,42000,190
611,Employee388,Last388,44000,191
612,Employee389,Last389,46000,192
613,Employee390,Last390,48000,193
614,Employee391,Last391,40000,194
615,Employee392,Last392,42000,195
616,Employee393,Last393,44000,196
617,Employee394,Last394,46000,197
618,Employee395,Last395,48000,198
619,Employee396,Last396,40000,199
620,Employee397,Last397,42000,200
621,Employee398,Last398,44000,201
622,Employee399,Last399,46000,202
623,Employee400,Last400,48000,203
624,Employee401,Last401,40000,204
625,Employee402,Last402,42000,205
626,Employee403,Last403,44000,206
627,Employee404,Last404,46000,207
628,Employee405,Last405,48000,208
629,Employee406,Last406,40000,209
630,Employee407,Last407,42000,210
631,Employee408,Last408,44000,211
632,Employee409,Last409,46000,212
633,Employee410,Last410,48000,213
634,Employee411,Last411,40000,214
635,Employee412,Last412,42000,215
636,Employee413,Last413,44000,216
637,Employee414,Last414,46000,217
638,Employee415,Last415,48000,218
639,Employee416,Last416,40000,219
640,Employee417,Last417,42000,220
641,Employee418,Last418,44000,221
642,Employee419,Last419,46000,222
643,Employee420,Last420,48000,223
644,Employee421,Last421,40000,164
645,Employee422,Last422,42000,165
646,Employee423,Last423,44000,166
647,Employee424,Last424,46000,167
648,Employee425,Last425,48000,168
649,Employee426,Last426,40000,169
650,Employee427,Last427,42000,170
651,Employee428,Last428,44000,171
652,Employee429,Last429,46000,172
653,Employee430,Last430,48000,173
654,Employee431,Last431,40000,174
655,Employee432,Last432,42000,175
656,Employee433,Last433,44000,176
657,Employee434,Last434,46000,177
658,Employee435,Last435,48000,178
659,Employee436,Last436,40000,179
660,Employee437,Last437,42000,180
661,Employee438,Last438,44000,181
662,Employee439,Last439,46000,182
663,Employee440,Last440,48000,183
664,Employee441,Last441,40000,184
665,Employee442,Last442,42000,185
666,Employee443,Last443,44000,186
667,Employee444,Last444,46000,187
668,Employee445,Last445,48000,188
669,Employee446,Last446,40000,189
670,Employee447,Last447,42000,190
671,Employee448,Last448,44000,191
672,Employee449,Last449,46000,192
673,Employee450,Last450,48000,193
674,Employee451,Last451,40000,194
675,Employee452,Last452,42000,195
676,Employee453,Last453,44000,196
677,Employee454,Last454,46000,197
678,Employee455,Last455,48000,198
679,Employee456,Last456,40000,199
680,Employee457,Last457,42000,200
681,Employee458,Last458,44000,201
682,Employee459,Last459,46000,202
683,Employee460,Last460,48000,203
684,Employee461,Last461,40000,204
685,Employee462,Last462,42000,205
686,Employee463,Last463,44000,206
687,Employee464,Last464,46000,207
688,Employee465,Last465,48000,208
689,Employee466,Last466,40000,209
690,Employee467,Last467,42000,210
691,Employee468,Last468,44000,211
692,Employee469,Last469,46000,212
693,Employee470,Last470,48000,213
694,Employee471,Last471,40000,214
695,Employee472,Last472,42000,215
696,Employee473,Last473,44000,216
697,Employee474,Last474,46000,217
698,Employee475,Last475,48000,218
699,Employee476,Last476,40000,219
700,Employee477,Last477,42000,220
701,Employee478,Last478,44000,221
702,Employee479,Last479,46000,222
703,Employee480,Last480,48000,223
704,Employee481,Last481,40000,164
705,Employee482,Last482,42000,165
706,Employee483,Last483,44000,166
707,Employee484,Last484,46000,167
708,Employee485,Last485,48000,168
709,Employee486,Last486,40000,169
710,Employee487,Last487,42000,170
711,Employee488,Last488,44000,171
712,Employee489,Last489,46000,172
713,Employee490,Last490,48000,173
714,Employee491,Last491,40000,174
715,Employee492,Last492,42000,175
716,Employee493,Last493,44000,176
717,Employee494,Last494,46000,177
718,Employee495,Last495,48000,178
719,Employee496,Last496,40000,179
720,Employee497,Last497,42000,180
721,Employee498,Last498,44000,181
722,Employee499,Last499,46000,182
723,Employee500,Last500,48000,183
724,Employee501,Last501,40000,184
725,Employee502,Last502,42000,185
726,Employee503,Last503,44000,186
727,Employee504,Last504,46000,187
728,Employee505,Last505,48000,188
729,Employee506,Last506,40000,189
730,Employee507,Last507,42000,190
731,Employee508,Last508,44000,191
732,Employee509,Last509,46000,192
733,Employee510,Last510,48000,193
734,Employee511,Last511,40000,194
735,Employee512,Last512,42000,195
736,Employee513,Last513,44000,196
737,Employee514,Last514,46000,197
738,Employee515,Last515,48000,198
739,Employee516,Last516,40000,199
740,Employee517,Last517,42000,200
741,Employee518,Last518,44000,201
742,Employee519,Last519,46000,202
743,Employee520,Last520,48000,203
744,Employee521,Last521,40000,204
745,Employee522,Last522,42000,205
746,Employee523,Last523,44000,206
747,Employee524,Last524,46000,207
748,Employee525,Last525,48000,208
749,Employee526,Last526,40000,209
750,Employee527,Last527,42000,210
751,Employee528,Last528,44000,211
752,Employee529,Last529,46000,212
753,Employee530,Last530,48000,213
754,Employee531,Last531,40000,214
755,Employee532,Last532,42000,215
756,Employee533,Last533,44000,216
757,Employee534,Last534,46000,217
758,Employee535,Last535,48000,218
759,Employee536,Last536,40000,219
760,Employee537,Last537,42000,220
761,Employee538,Last538,44000,221
762,Employee539,Last539,46000,222
763,Employee540,Last540,48000,223
764,Employee541,Last541,40000,164
765,Employee542,Last542,42000,165
766,Employee543,Last543,44000,166
767,Employee544,Last544,46000,167
768,Employee545,Last545,48000,168
769,Employee546,Last546,40000,169
770,Employee547,Last547,42000,170
771,Employee548,Last548,44000,171
772,Employee549,Last549,46000,172
773,Employee550,Last550,48000,173
774,Employee551,Last551,40000,174
775,Employee552,Last552,42000,175
776,Employee553,Last553,44000,176
777,Employee554,Last554,46000,177
778,Employee555,Last555,48000,178
779,Employee556,Last556,40000,179
780,Employee557,Last557,42000,180
781,Employee558,Last558,44000,181
782,Employee559,Last559,46000,182
783,Employee560,Last560,48000,183
784,Employee561,Last561,40000,184
785,Employee562,Last562,42000,185
786,Employee563,Last563,44000,186
787,Employee564,Last564,46000,187
788,Employee565,Last565,48000,188
789,Employee566,Last566,40000,189
790,Employee567,Last567,42000,190
791,Employee568,Last568,44000,191
792,Employee569,Last569,46000,192
793,Employee570,Last570,48000,193
794,Employee571,Last571,40000,194
795,Employee572,Last572,42000,195
796,Employee573,Last573,44000,196
797,Employee574,Last574,46000,197
798,Employee575,Last575,48000,198
799,Employee576,Last576,40000,199
800,Employee577,Last577,42000,200
801,Employee578,Last578,44000,201
802,Employee579,Last579,46000,202
803,Employee580,Last580,48000,203
804,Employee581,Last581,40000,204
805,Employee582,Last582,42000,205
806,Employee583,Last583,44000,206
807,Employee584,Last584,46000,207
808,Employee585,Last585,48000,208
809,Employee586,Last586,40000,209
810,Employee587,Last587,42000,210
811,Employee588,Last588,44000,211
812,Employee589,Last589,46000,212
813,Employee590,Last590,48000,213
814,Employee591,Last591,40000,214
815,Employee592,Last592,42000,215
816,Employee593,Last593,44000,216
817,Employee594,Last594,46000,217
818,Employee595,Last595,48000,218
819,Employee596,Last596,40000,219
820,Employee597,Last597,42000,220
821,Employee598,Last598,44000,221
822,Employee599,Last599,46000,222
823,Employee600,Last600,48000,223
824,Employee601,Last601,40000,164
825,Employee602,Last602,42000,165
826,Employee603,Last603,44000,166
827,Employee604,Last604,46000,167
828,Employee605,Last605,48000,168
829,Employee606,Last606,40000,169
830,Employee607,Last607,42000,170
831,Employee608,Last608,44000,171
832,Employee609,Last609,46000,172
833,Employee610,Last610,48000,173
834,Employee611,Last611,40000,174
835,Employee612,Last612,42000,175
836,Employee613,Last613,44000,176
837,Employee614,Last614,46000,177
838,Employee615,Last615,48000,178
839,Employee616,Last616,40000,179
840,Employee617,Last617,42000,180
841,Employee618,Last618,44000,181
842,Employee619,Last619,46000,182
843,Employee620,Last620,48000,183
844,Employee621,Last621,40000,184
845,Employee622,Last622,42000,185
846,Employee623,Last623,44000,186
847,Employee624,Last624,46000,187
848,Employee625,Last625,48000,188
849,Employee626,Last626,40000,189
850,Employee627,Last627,42000,190
851,Employee628,Last628,44000,191
852,Employee629,Last629,46000,192
853,Employee630,Last630,48000,193
854,Employee631,Last631,40000,194
855,Employee632,Last632,42000,195
856,Employee633,Last633,44000,196
857,Employee634,Last634,46000,197
858,Employee635,Last635,48000,198
859,Employee636,Last636,40000,199
860,Employee637,Last637,42000,200
861,Employee638,Last638,44000,201
862,Employee639,Last639,46000,202
863,Employee640,Last640,48000,203
864,Employee641,Last641,40000,204
865,Employee642,Last642,42000,205
866,Employee643,Last643,44000,206
867,Employee644,Last644,46000,207
868,Employee645,Last645,48000,208
869,Employee646,Last646,40000,209
870,Employee647,Last647,42000,210
871,Employee648,Last648,44000,211
872,Employee649,Last649,46000,212
873,Employee650,Last650,48000,213
874,Employee651,Last651,40000,214
875,Employee652,Last652,42000,215
876,Employee653,Last653,44000,216
877,Employee654,Last654,46000,217
878,Employee655,Last655,48000,218
879,Employee656,Last656,40000,219
880,Employee657,Last657,42000,220
881,Employee658,Last658,44000,221
882,Employee659,Last659,46000,222
883,Employee660,Last660,48000,223
884,Employee661,Last661,40000,164
885,Employee662,Last662,42000,165
886,Employee663,Last663,44000,166
887,Employee664,Last664,46000,167
888,Employee665,Last665,48000,168
889,Employee666,Last666,40000,169
890,Employee667,Last667,42000,170
891,Employee668,Last668,44000,171
892,Employee669,Last669,46000,172
893,Employee670,Last670,48000,173
894,Employee671,Last671,40000,174
895,Employee672,Last672,42000,175
896,Employee673,Last673,44000,176
897,Employee674,Last674,46000,177
898,Employee675,Last675,48000,178
899,Employee676,Last676,40000,179
900,Employee677,Last677,42000,180
901,Employee678,Last678,44000,181
902,Employee679,Last679,46000,182
903,Employee680,Last680,48000,183
904,Employee681,Last681,40000,184
905,Employee682,Last682,42000,185
906,Employee683,Last683,44000,186
907,Employee684,Last684,46000,187
908,Employee685,Last685,48000,188
909,Employee686,Last686,40000,189
910,Employee687,Last687,42000,190
911,Employee688,Last688,44000,191
912,Employee689,Last689,46000,192
913,Employee690,Last690,48000,193
914,Employee691,Last691,40000,194
915,Employee692,Last692,42000,195
916,Employee693,Last693,44000,196
917,Employee694,Last694,46000,197
918,Employee695,Last695,48000,198
919,Employee696,Last696,40000,199
920,Employee697,Last697,42000,200
921,Employee698,Last698,44000,201
922,Employee699,Last699,46000,202
923,Employee700,Last700,48000,203
924,Employee701,Last701,40000,204
925,Employee702,Last702,42000,205
926,Employee703,Last703,44000,206
927,Employee704,Last704,46000,207
928,Employee705,Last705,48000,208
929,Employee706,Last706,40000,209
930,Employee707,Last707,42000,210
931,Employee708,Last708,44000,211
932,Employee709,Last709,46000,212
933,Employee710,Last710,48000,213
934,Employee711,Last711,40000,214
935,Employee712,Last712,42000,215
936,Employee713,Last713,44000,216
937,Employee714,Last714,46000,217
938,Employee715,Last715,48000,218
939,Employee716,Last716,40000,219
940,Employee717,Last717,42000,220
941,Employee718,Last718,44000,221
942,Employee719,Last719,46000,222
943,Employee720,Last720,48000,223
944,Employee721,Last721,40000,164
945,Employee722,Last722,42000,165
946,Employee723,Last723,44000,166
947,Employee724,Last724,46000,167
948,Employee725,Last725,48000,168
949,Employee726,Last726,40000,169
950,Employee727,Last727,42000,170
951,Employee728,Last728,44000,171
952,Employee729,Last729,46000,172
953,Employee730,Last730,48000,173
954,Employee731,Last731,40000,174
955,Employee732,Last732,42000,175
956,Employee733,Last733,44000,176
957,Employee734,Last734,46000,177
958,Employee735,Last735,48000,178
959,Employee736,Last736,40000,179
960,Employee737,Last737,42000,180
961,Employee738,Last738,44000,181
962,Employee739,Last739,46000,182
963,Employee740,Last740,48000,183
964,Employee741,Last741,40000,184
965,Employee742,Last742,42000,185
966,Employee743,Last743,44000,186
967,Employee744,Last744,46000,187
968,Employee745,Last745,48000,188
969,Employee746,Last746,40000,189
970,Employee747,Last747,42000,190
971,Employee748,Last748,44000,191
972,Employee749,Last749,46000,192
973,Employee750,Last750,48000,193
974,Employee751,Last751,40000,194
975,Employee752,Last752,42000,195
976,Employee753,Last753,44000,196
977,Employee754,Last754,46000,197
978,Employee755,Last755,48000,198
979,Employee756,Last756,40000,199
980,Employee757,Last757,42000,200
981,Employee758,Last758,44000,201
982,Employee759,Last759,46000,202
983,Employee760,Last760,48000,203
984,Employee761,Last761,40000,204
985,Employee762,Last762,42000,205
986,Employee763,Last763,44000,206
987,Employee764,Last764,46000,207
988,Employee765,Last765,48000,208
989,Employee766,Last766,40000,209
990,Employee767,Last767,42000,210
991,Employee768,Last768,44000,211
992,Employee769,Last769,46000,212
993,Employee770,Last770,48000,213
994,Employee771,Last771,40000,214
995,Employee772,Last772,42000,215
996,Employee773,Last773,44000,216
997,Employee774,Last774,46000,217
998,Employee775,Last775,48000,218
999,Employee776,Last776,40000,219
1000,Employee777,Last777,42000,220
1001,Employee778,Last778,44000,221
1002,Employee779,Last779,46000,222
1003,Employee780,Last780,48000,223
1004,Employee781,Last781,40000,164
1005,Employee782,Last782,42000,165
1006,Employee783,Last783,44000,166
1007,Employee784,Last784,46000,167
1008,Employee785,Last785,48000,168
1009,Employee786,Last786,40000,169
1010,Employee787,Last787,42000,170
1011,Employee788,Last788,44000,171
1012,Employee789,Last789,46000,172
1013,Employee790,Last790,48000,173
1014,Employee791,Last791,40000,174
1015,Employee792,Last792,42000,175
1016,Employee793,Last793,44000,176
1017,Employee794,Last794,46000,177
1018,Employee795,Last795,48000,178
1019,Employee796,Last796,40000,179
1020,Employee797,Last797,42000,180
1021,Employee798,Last798,44000,181
1022,Employee799,Last799,46000,182
1023,Employee800,Last800,48000,183
1024,Employee801,Last801,40000,184
1025,Employee802,Last802,42000,185
1026,Employee803,Last803,44000,186
1027,Employee804,Last804,46000,187
1028,Employee805,Last805,48000,188
1029,Employee806,Last806,40000,189
1030,Employee807,Last807,42000,190
1031,Employee808,Last808,44000,191
1032,Employee809,Last809,46000,192
1033,Employee810,Last810,48000,193
1034,Employee811,Last811,40000,194
1035,Employee812,Last812,42000,195
1036,Employee813,Last813,44000,196
1037,Employee814,Last814,46000,197
1038,Employee815,Last815,48000,198
1039,Employee816,Last816,40000,199
1040,Employee817,Last817,42000,200
1041,Employee818,Last818,44000,201
1042,Employee819,Last819,46000,202
1043,Employee820,Last820,48000,203
1044,Employee821,Last821,40000,204
1045,Employee822,Last822,42000,205
1046,Employee823,Last823,44000,206
1047,Employee824,Last824,46000,207
1048,Employee825,Last825,48000,208
1049,Employee826,Last826,40000,209
1050,Employee827,Last827,42000,210
1051,Employee828,Last828,44000,211
1052,Employee829,Last829,46000,212
1053,Employee830,Last830,48000,213
1054,Employee831,Last831,40000,214
1055,Employee832,Last832,42000,215
1056,Employee833,Last833,44000,216
1057,Employee834,Last834,46000,217
1058,Employee835,Last835,48000,218
1059,Employee836,Last836,40000,219
1060,Employee837,Last837,42000,220
1061,Employee838,Last838,44000,221
1062,Employee839,Last839,46000,222
1063,Employee840,Last840,48000,223
1064,Employee841,Last841,40000,164
1065,Employee842,Last842,42000,165
1066,Employee843,Last843,44000,166
1067,Employee844,Last844,46000,167
1068,Employee845,Last845,48000,168
1069,Employee846,Last846,40000,169
1070,Employee847,Last847,42000,170
1071,Employee848,Last848,44000,171
1072,Employee849,Last849,46000,172
1073,Employee850,Last850,48000,173
1074,Employee851,Last851,40000,174
1075,Employee852,Last852,42000,175
1076,Employee853,Last853,44000,176
1077,Employee854,Last854,46000,177
1078,Employee855,Last855,48000,178
1079,Employee856,Last856,40000,179
1080,Employee857,Last857,42000,180
1081,Employee858,Last858,44000,181
1082,Employee859,Last859,46000,182
1083,Employee860,Last860,48000,183
1084,Employee861,Last861,40000,184
1085,Employee862,Last862,42000,185
1086,Employee863,Last863,44000,186
1087,Employee864,Last864,46000,187
1088,Employee865,Last865,48000,188
1089,Employee866,Last866,40000,189
1090,Employee867,Last867,42000,190
1091,Employee868,Last868,44000,191
1092,Employee869,Last869,46000,192
1093,Employee870,Last870,48000,193
1094,Employee871,Last871,40000,194
1095,Employee872,Last872,42000,195
1096,Employee873,Last873,44000,196
1097,Employee874,Last874,46000,197
1098,Employee875,Last875,48000,198
1099,Employee876,Last876,40000,199
1100,Employee877,Last877,42000,200
1101,Employee878,Last878,44000,201
1102,Employee879,Last879,46000,202
1103,Employee880,Last880,48000,203
1104,Employee881,Last881,40000,204
1105,Employee882,Last882,42000,205
1106,Employee883,Last883,44000,206
1107,Employee884,Last884,46000,207
1108,Employee885,Last885,48000,208
1109,Employee886,Last886,40000,209
1110,Employee887,Last887,42000,210
1111,Employee888,Last888,44000,211
1112,Employee889,Last889,46000,212
1113,Employee890,Last890,48000,213
1114,Employee891,Last891,40000,214
1115,Employee892,Last892,42000,215
1116,Employee893,Last893,44000,216
1117,Employee894,Last894,46000,217
1118,Employee895,Last895,48000,218
1119,Employee896,Last896,40000,219
1120,Employee897,Last897,42000,220
1121,Employee898,Last898,44000,221
1122,Employee899,Last899,46000,222
